transaction_text,category
Sh3ll P3trol Pump Mumbai 4088,Fuel
Card Annual Fee Hyderabad 1815,Banking Charges
BookMyShow Mumbai 748,Entertainment
N@ture's B@sket B@ng@lore 256,Groceries
Amazon Kolkata 1180,Shopping
Fortis Bangalore 69,Medical
Vodafone Bill Kolkata 4192,Bills & Recharge
SonyLiv Bangalore 3195,Entertainment
Swiggy Chennai 3385,Food & Drinks
BankServiceChargeHyderabad4402,Banking Charges
DMart Chennai 1522 txn,Groceries
Bank Service Charge Mumbai 339,Banking Charges
Amazon Prime Pune 3373 txn,Entertainment
McDonalds Chennai 854,Food & Drinks
BookMyShowMumbai2618,Entertainment
DMart Hyderabad 3528,Groceries
Myntra Hyderabad 4431 txn,Shopping
RedBus Hyderabad 4990,Travel
Apollo Pharmacy Mumbai 4958 txn,Medical
PharmEasy Kolkata 4113,Medical
Apollo Pharmacy Pun3 3220,Medical
Bharat Petroleum Kolkata 4723,Fuel
Late Payment Fee Delhi 3399,Banking Charges
Max Hospital Pune 843,Medical
IndiGo Chennai 3264,Travel
Hotstar Kolkata 3807,Entertainment
Microsoft 365 Hyder@b@d 4885,Online Services
Fortis Delhi 4214,Medical
Reliance Fresh Bangalore 1452,Groceries
Am@zon Prime Hyder@b@d 4608,Entertainment
ID-Water Bill Bangalore 1368,Bills & Recharge
Zomato Kolkata 3408,Food & Drinks
RedBus Delhi 3896,Travel
HP Petrol Pump Bangalore 2619,Fuel
Water Bill Hyderabad 3963,Bills & Recharge
ID-BookMyShow Pune 3191,Entertainment
Bank Service Charge Hyderabad 2961,Banking Charges
BigBasket Pune 1226,Groceries
Airtel Recharge Bangalore 2246,Bills & Recharge
nykaa chennai 4376,Shopping
ATM Withdrawal Fee Hyderabad 387,Banking Charges
SonyLivDelhi1589,Entertainment
Flipkart Kolkata 3496,Shopping
Air India Hyderabad 4294,Travel
Shell Petrol Pump Hyderabad 3350,Fuel
ID-Swiggy Kolkata 4326,Food & Drinks
Netflix Kolkata 1425,Entertainment
Google Cloud Delhi 4033,Online Services
Microsoft 365 Mumbai 4876,Online Services
Am@zon B@ng@lore 554,Shopping
Bank Service Charge Hyderabad 4663,Banking Charges
Electricity Bill Mumbai 4885,Bills & Recharge
Card Annual Fee Hyderabad 1557,Banking Charges
Reliance Fresh Hyderabad 917,Groceries
Vodafone Bill Chennai 3319,Bills & Recharge
ATM Withdrawal Fee Pune 4018,Banking Charges
Burger King Chennai 1084,Food & Drinks
Amazon Prime Hyderabad 1846,Entertainment
ATM Withdrawal Fee Mumbai 2702,Banking Charges
BigBasket Delhi 1261 txn,Groceries
Flipkart Bangalore 349,Shopping
ID-SonyLiv Chennai 1266,Entertainment
ID-Card Annual Fee Bangalore 301,Banking Charges
Netflix Hyderabad 1417,Entertainment
Ajio Mumbai 1234,Shopping
Bharat Petroleum Mumbai 2528,Fuel
Nature'sBasketDelhi557,Groceries
Zomato Chennai 2687,Food & Drinks
DMart Hyderabad 4987,Groceries
Apollo Pharmacy Kolkata 2459,Medical
IndiGo Chennai 2536,Travel
KFC Mumbai 2837,Food & Drinks
Apollo Pharmacy Kolkata 416 txn,Medical
Water Bill Pune 4892,Bills & Recharge
Adobe Bangalore 483 txn,Online Services
Myntra Delhi 4686,Shopping
BigBasket Bangalore 4594,Groceries
BharatPetroleumBangalore2680,Fuel
Nykaa Ch3nnai 218,Shopping
Nykaa Hyderabad 2336,Shopping
Fortis Kolkata 1242,Medical
CardAnnualFeeMumbai654,Banking Charges
ID-Flipkart Kolkata 1956,Shopping
google cloud kolkata 1135,Online Services
Ajio Mumbai 4784 txn,Shopping
McDonalds Pune 867,Food & Drinks
Card Annual Fee Bangalore 4414,Banking Charges
Reliance Fresh Chennai 3049,Groceries
ApolloPharmacyMumbai4306,Medical
Card Annual Fee Bangalore 1797,Banking Charges
Adobe Bangalore 652,Online Services
Hotstar Hyderabad 4708 txn,Entertainment
Amazon Prime Hyderabad 2124,Entertainment
Airtel Recharge Chennai 999,Bills & Recharge
MakeMyTrip Mumbai 3553,Travel
Card Annual Fee Pune 1591,Banking Charges
Netflix Kolkata 2310,Entertainment
McDonalds Hyderabad 3238,Food & Drinks
MaxHospitalChennai4159,Medical
Ola Hyderabad 3181,Travel
ATM Withdrawal Fee Mumbai 4128,Banking Charges
Canva Delhi 4672,Online Services
Card Annual Fee Bangalore 99,Banking Charges
Myntra Bangalore 2483 txn,Shopping
DMart Pune 1737,Groceries
Flipk@rt Mumb@i 3648,Shopping
IRCTC Pune 1766 txn,Travel
Amazon Prime Kolkata 4723,Entertainment
Jio Recharge Bangalore 1684,Bills & Recharge
Max Hospital Hyderabad 4364,Medical
late payment fee delhi 745,Banking Charges
Shell Petrol Pump Delhi 3654,Fuel
DMart Mumbai 3380,Groceries
ID-BigBasket Delhi 2965,Groceries
Indian Oil Chennai 2777,Fuel
Canva Pune 1745,Online Services
Burger King Bangalore 4030,Food & Drinks
Zoom Subscription Pune 873,Online Services
RedBus Pune 1248,Travel
Bharat P3trol3um Bangalor3 683,Fuel
ID-Airtel Recharge Hyderabad 1782,Bills & Recharge
Myntra Kolkata 4444,Shopping
Shell Petrol Pump Delhi 1197,Fuel
PharmEasy Hyderabad 224,Medical
SonyLiv Mumbai 4367,Entertainment
Water Bill Hyderabad 1956,Bills & Recharge
Late Payment Fee Delhi 1775,Banking Charges
Apollo Pharmacy Pune 2669,Medical
Spencers Kolkata 974,Groceries
burger king delhi 4635,Food & Drinks
Zoom Subscription Pune 1123,Online Services
PharmEasy Delhi 1070,Medical
Shell Petrol Pump Kolkata 3894,Fuel
PharmEasy Kolkata 1191,Medical
Shell Petrol Pump Mumb@i 1453,Fuel
Sp3nc3rs Bangalor3 3269,Groceries
ATM Withdr@w@l Fee Pune 2533,Banking Charges
Late Payment Fee Kolkata 4289,Banking Charges
Vodafone Bill Hyderabad 4579,Bills & Recharge
IndiGo Kolkata 123,Travel
Late Payment Fee Hyderabad 2942,Banking Charges
Adobe Mumbai 506,Online Services
Canva Bangalore 1910,Online Services
Indian Oil Chennai 2246,Fuel
late payment fee hyderabad 2459,Banking Charges
Adobe Hyderabad 2217,Online Services
RedBus Bangalore 3059,Travel
Amazon Pune 2834,Shopping
1mg Kolkata 2620,Medical
ccd kolkata 2194,Food & Drinks
Flipkart Chennai 3871,Shopping
Apollo Pharmacy Kolkata 2137,Medical
Ajio Bangalore 3648,Shopping
Apollo Pharmacy Chennai 1450,Medical
BookMyShow Chennai 2931,Entertainment
AjioBangalore1699,Shopping
IndiGo Mumbai 3187,Travel
mcdonalds mumbai 2453,Food & Drinks
Uber Mumbai 4881,Travel
Nature's Basket Pune 3554,Groceries
Nature's Basket Pune 2702,Groceries
Nature's Basket Kolkata 1372,Groceries
Fortis Bangalore 899,Medical
Hotstar Kolkata 1528,Entertainment
Adobe Kolkata 3986,Online Services
Tata Cliq Kolkata 806,Shopping
Bh@r@t Petroleum Pune 772,Fuel
WaterBillMumbai1693,Bills & Recharge
Ajio Delhi 3871,Shopping
Adobe Pune 486,Online Services
Air India Pune 619,Travel
RedBus Pune 1743,Travel
ATMWithdrawalFeeDelhi1286,Banking Charges
ID-Reliance Fresh Pune 2483,Groceries
IndiGoBangalore4607,Travel
Microsoft 365 Kolkata 200,Online Services
Burger King Mumbai 123,Food & Drinks
Starbucks Mumbai 1281,Food & Drinks
Burger King Delhi 2114,Food & Drinks
Nykaa Chennai 925,Shopping
Hotstar Pune 4480,Entertainment
Shell Petrol Pump Mumbai 69,Fuel
BookMyShow Mumbai 4659,Entertainment
Tata Cliq D3lhi 4753,Shopping
IRCTCChennai2887,Travel
Zomato Bangalore 1191,Food & Drinks
ID-Google Cloud Hyderabad 1360,Online Services
Late Payment Fee Delhi 1668,Banking Charges
Reliance Fresh Mumbai 4436,Groceries
Zomato Chennai 1072,Food & Drinks
Starbucks Chennai 4480,Food & Drinks
Bh@r@t Petroleum Kolk@t@ 538,Fuel
bigbasket kolkata 88,Groceries
ID-Max Hospital Bangalore 4606,Medical
Shell Petrol Pump Kolkata 2814,Fuel
IndianOilChennai642,Fuel
Air India Delhi 1226,Travel
Indian Oil Bangalore 4058,Fuel
Water Bill Mumbai 388,Bills & Recharge
Swiggy Kolkata 1800,Food & Drinks
Card Annual Fee Chennai 2197,Banking Charges
Jio R3charg3 Hyd3rabad 1043,Bills & Recharge
uber hyderabad 1123,Travel
Airtel Recharge Pune 4330,Bills & Recharge
PharmEasy Delhi 4714,Medical
Jio Recharge Delhi 3897,Bills & Recharge
SonyLiv Delhi 794,Entertainment
Spencers Mumbai 1489,Groceries
Nykaa Delhi 216,Shopping
Amazon Mumbai 4165,Shopping
RedBus Bangalore 3659,Travel
Bharat Petroleum Delhi 2176,Fuel
IRCTC Chennai 3084 txn,Travel
ID-Microsoft 365 Delhi 84,Online Services
google cloud chennai 2591,Online Services
Natur3's Bask3t Ch3nnai 4119,Groceries
St@rbucks Kolk@t@ 4720,Food & Drinks
Adobe Hyderabad 3689,Online Services
Zoom Subscription Delhi 3293,Online Services
Microsoft 365 Hyderabad 1885,Online Services
HotstarMumbai1397,Entertainment
Late Payment Fee Chennai 4018,Banking Charges
Late Payment Fee Bangalore 2314,Banking Charges
Zoom Subscription Pune 982,Online Services
Canva Kolkata 657,Online Services
Fortis Bangalore 2716,Medical
DMart Chennai 842,Groceries
ATM Withdrawal Fee Kolkata 862,Banking Charges
Myntra Kolkata 1994,Shopping
Ajio Delhi 1079,Shopping
Microsoft 365 Mumbai 2824,Online Services
MakeMyTrip Bangalore 1936,Travel
Bharat Petroleum Mumbai 1917 txn,Fuel
Netflix Chennai 1329,Entertainment
Max Hospital Chennai 3467,Medical
Canva Mumbai 602,Online Services
SonyLiv Bangalore 4778,Entertainment
Air India Kolkata 2915,Travel
Airtel Recharge Kolkata 2045,Bills & Recharge
SonyLiv Chennai 2834,Entertainment
Ajio Chennai 1027,Shopping
Ola Pune 2379,Travel
Airtel Recharge Hyderabad 2010,Bills & Recharge
ID-Vodafone Bill Hyderabad 2555,Bills & Recharge
ID-Indian Oil Chennai 2806,Fuel
BookMyShow Mumbai 4538,Entertainment
ID-Fortis Mumbai 59,Medical
1mg bangalore 3421,Medical
Zomato Chennai 3209,Food & Drinks
IRCTC Pune 2477,Travel
Max Hospital Pune 2656,Medical
PharmEasy Mumbai 1930,Medical
Zomato Mumbai 1105,Food & Drinks
Netflix Pune 1087,Entertainment
BigBasket Bangalore 1133,Groceries
Fortis Delhi 3049,Medical
Nature's Basket Bangalore 2514 txn,Groceries
Canva Hyderabad 4758,Online Services
Google Cloud Bangalore 116,Online Services
IndiGo Hyderabad 4489,Travel
ShellPetrolPumpMumbai1412,Fuel
Amazon Bangalor3 4433,Shopping
Zomato Delhi 955,Food & Drinks
Flipkart Hyderabad 3709,Shopping
Air India Chennai 3407 txn,Travel
BookMyShowBangalore939,Entertainment
CCD Kolkata 2021,Food & Drinks
KFC Kolkata 1712,Food & Drinks
Netflix Chennai 2353,Entertainment
IRCTC Hyd3rabad 3026,Travel
Indian Oil Chennai 1616,Fuel
BigBask3t Hyd3rabad 1690,Groceries
Bank Service Charge Bangalore 4960,Banking Charges
Google Cloud Bangalore 3493 txn,Online Services
1mg Pune 65,Medical
Indian Oil Bangalore 2062,Fuel
IRCTC Bangalore 190,Travel
Water Bill Chennai 1625,Bills & Recharge
ATM Withdrawal Fee Hyderabad 574,Banking Charges
Ajio Bangalore 1466,Shopping
BookMyShow Mumbai 4004,Entertainment
Apollo Pharmacy Delhi 2867,Medical
Hotstar Bangalore 171,Entertainment
Nature's Basket Mumbai 2249,Groceries
Shell Petrol Pump Delhi 2737,Fuel
Indian Oil Hyderabad 3843 txn,Fuel
HP Petrol Pump Kolk@t@ 4611,Fuel
ID-Swiggy Chennai 4100,Food & Drinks
ID-Amazon Prime Kolkata 3193,Entertainment
IndiGo Kolkata 2397,Travel
Vodafone Bill Pune 4248 txn,Bills & Recharge
Google Cloud Chennai 533,Online Services
SonyLiv Delhi 4159,Entertainment
ID-Swiggy Kolkata 154,Food & Drinks
Reliance Fresh Hyderabad 979,Groceries
MakeMyTrip Hyderabad 3407,Travel
Shell Petrol Pump Pune 4859,Fuel
HP Petrol Pump Kolkata 4154,Fuel
ID-Nykaa Pune 4165,Shopping
electricity bill mumbai 4076,Bills & Recharge
Card Annual Fee Pune 712 txn,Banking Charges
BigB@sket Chenn@i 1358,Groceries
MaxHospitalBangalore4910,Medical
Apollo Pharmacy Delhi 911,Medical
McDonalds Bangalor3 2254,Food & Drinks
Jio Recharge Bangalore 2236,Bills & Recharge
ATM Withdrawal Fee Chennai 2199,Banking Charges
late payment fee mumbai 3449,Banking Charges
ID-Indian Oil Chennai 646,Fuel
Indian Oil Hyderabad 4507,Fuel
Myntra Hyderabad 4848,Shopping
Flipkart Bangalore 3557,Shopping
Card Annual Fee Bangalore 4478,Banking Charges
Adobe Hyderabad 2247,Online Services
BigBasket Pune 1854,Groceries
IRCTC Delhi 2323,Travel
Nykaa Kolkata 2156,Shopping
Apollo Pharmacy Hyderabad 2939,Medical
Ajio Mumbai 440,Shopping
Reliance Fresh Pune 458,Groceries
DMart Bangalore 2536,Groceries
1mg Delhi 992,Medical
ID-Zoom Subscription Chennai 838,Online Services
IndiGoKolkata4417,Travel
Flipkart Bangalore 4745,Shopping
ID-Zoom Subscription Mumbai 1756,Online Services
BigBasket Chennai 1642,Groceries
Card Annual Fee Pune 1075,Banking Charges
Jio Recharge Pune 1933,Bills & Recharge
Netflix Chennai 573,Entertainment
Zoom Subscription Hyderabad 2790,Online Services
Burger King Mumbai 991,Food & Drinks
Shell Petrol Pump Delhi 1343,Fuel
Canva Bangalore 2245,Online Services
Card Annual Fee Pune 1131,Banking Charges
LatePaymentFeeHyderabad4915,Banking Charges
OlaDelhi4265,Travel
AdobePune413,Online Services
Zoom Subscription Kolk@t@ 581,Online Services
ID-PharmEasy Pune 951,Medical
ID-Late Payment Fee Hyderabad 4996,Banking Charges
dmart pune 4383,Groceries
BookMyShow Pune 1643,Entertainment
SonyLiv Pune 321,Entertainment
dmart chennai 54,Groceries
Fortis Delhi 4255,Medical
M@keMyTrip Chenn@i 854,Travel
reliance fresh chennai 2826,Groceries
ID-Swiggy Delhi 4743,Food & Drinks
BigBask3t Hyd3rabad 172,Groceries
SonyLiv Bangalore 2180,Entertainment
Max Hospital Hyd3rabad 2467,Medical
Spencers Delhi 4900,Groceries
Zomato Hyderabad 3338,Food & Drinks
Max Hospital Bangalore 1097,Medical
Myntra Delhi 126,Shopping
Uber Chennai 568,Travel
spencers mumbai 4290,Groceries
WaterBillBangalore4669,Bills & Recharge
Adobe Chennai 541,Online Services
Indian Oil Hyderabad 4406,Fuel
McDonalds Bangalore 1170,Food & Drinks
Nature's Basket Hyderabad 2533,Groceries
L@te P@yment Fee B@ng@lore 4880,Banking Charges
Starbucks Pune 4941,Food & Drinks
Nykaa Mumbai 1706,Shopping
Flipkart Kolkata 758,Shopping
CCD Delhi 2898,Food & Drinks
Ola Kolkata 1353,Travel
ID-Bharat Petroleum Pune 3850,Fuel
Amazon Prime Chennai 3849,Entertainment
Max Hospital Pune 4627,Medical
Vodafone Bill Kolkata 4968,Bills & Recharge
Indian Oil Chennai 4936,Fuel
BookMyShow Mumbai 1728,Entertainment
ATM Withdrawal Fee Pune 202,Banking Charges
Nykaa Bangalore 2651,Shopping
Burger King Mumbai 2870,Food & Drinks
Spencers Bangalore 2362 txn,Groceries
ID-Nykaa Chennai 2806,Shopping
Shell Petrol Pump Kolkata 1491,Fuel
Air Indi@ Mumb@i 2845,Travel
Fortis Pune 3115,Medical
Indian Oil Pune 2047,Fuel
Jio Recharge Hyderabad 4861,Bills & Recharge
Ajio Hyder@b@d 1147,Shopping
Nykaa Bangalore 995,Shopping
Indian Oil Delhi 2650 txn,Fuel
IndiGo Kolkata 3313,Travel
BankServiceChargeBangalore4744,Banking Charges
Bharat Petroleum Hyderabad 2656,Fuel
Am@zon Prime Hyder@b@d 1501,Entertainment
Indian Oil Kolkata 1491,Fuel
Max Hospital Pun3 2964,Medical
1mg Delhi 2307,Medical
Electricity Bill Kolkata 3228,Bills & Recharge
Indian Oil Mumbai 3161,Fuel
Uber Chennai 2725 txn,Travel
Amazon Prime Mumbai 1684,Entertainment
Starbucks Kolkata 4444,Food & Drinks
Starbucks Kolkata 4273,Food & Drinks
Myntra Bangalore 3392,Shopping
ID-Reliance Fresh Bangalore 1872,Groceries
Google Cloud Hyderabad 2771,Online Services
Microsoft 365 Bangalore 3414,Online Services
Amazon Prim3 Hyd3rabad 1990,Entertainment
SonyLiv Delhi 1568,Entertainment
Zoom Subscription Bangalore 3340,Online Services
BigBasket Kolkata 1736,Groceries
SonyLiv Hyd3rabad 529,Entertainment
DMart Bangalore 2841,Groceries
Spencers Mumbai 1584,Groceries
ID-Airtel Recharge Kolkata 3248,Bills & Recharge
Zoom Subscription Chenn@i 3766,Online Services
Netflix Kolkata 4907,Entertainment
McDonalds Delhi 3022,Food & Drinks
Max Hospital Pune 2327,Medical
Zomato Mumbai 405,Food & Drinks
Spencers Bangalore 1658,Groceries
Starbucks Hyderabad 4101,Food & Drinks
Spencers Kolkata 2030,Groceries
Fortis Kolk@t@ 2813,Medical
McDonalds Mumbai 1867 txn,Food & Drinks
MakeMyTrip Hyderabad 4061,Travel
IRCTC Bangalore 3987,Travel
Swiggy Chennai 1729,Food & Drinks
Burger King Bangalore 2516,Food & Drinks
Myntra Hyderabad 4425,Shopping
SonyLiv Delhi 2241,Entertainment
Uber Bangalore 4735,Travel
McDonalds Pune 3399,Food & Drinks
Reliance Fresh Hyderabad 1811,Groceries
Flipkart Hyderabad 2803,Shopping
Nature's Basket Bangalore 3357,Groceries
Bank Service Charge Bangalore 3692,Banking Charges
Ajio Bangalore 4125,Shopping
Shell Petrol Pump Pune 3865,Fuel
Starbucks Mumbai 56,Food & Drinks
1mg Mumbai 4924,Medical
Amazon Prime Kolkata 3556,Entertainment
Air India D3lhi 1355,Travel
CCD Bangalore 2625,Food & Drinks
1mg Bangalore 4734,Medical
Uber Pune 2658,Travel
BigBask3t D3lhi 4148,Groceries
Bank Service Charge Pune 2701,Banking Charges
McDonalds Hyderabad 2879,Food & Drinks
ID-Amazon Mumbai 2823,Shopping
BigBasket Delhi 4778 txn,Groceries
late payment fee hyderabad 2961,Banking Charges
Microsoft 365 Pune 2225,Online Services
Swiggy Mumbai 482,Food & Drinks
Airtel Recharge Bangalore 668,Bills & Recharge
DMart Kolkata 1452,Groceries
BigBasket Bangalore 3333,Groceries
HP Petrol Pump Hyderabad 4323,Fuel
BigBasketKolkata2445,Groceries
Microsoft 365 Delhi 3199,Online Services
Ub3r Hyd3rabad 3522,Travel
Hotstar Pun3 4279,Entertainment
flipkart mumbai 3975,Shopping
Max Hospital Chennai 3241,Medical
BookMyShow Mumbai 2545,Entertainment
Airtel Recharge Delhi 3085,Bills & Recharge
W@ter Bill Mumb@i 3821,Bills & Recharge
Starbucks Chennai 3629,Food & Drinks
CCD Pune 2790 txn,Food & Drinks
Tata Cliq Pune 990,Shopping
IndianOilMumbai2620,Fuel
BigBasket Pune 93,Groceries
BookMyShow Chennai 1527,Entertainment
Bank Service Charge Pune 1042,Banking Charges
Late Payment Fee Hyderabad 1614,Banking Charges
C@rd Annu@l Fee Kolk@t@ 4974,Banking Charges
Jio Recharge Kolkata 4759,Bills & Recharge
IRCTC Delhi 2840,Travel
BigBasket Chennai 3779,Groceries
NykaaHyderabad1649,Shopping
Shell Petrol Pump Mumbai 2621,Fuel
BigBasket Chennai 165,Groceries
Netflix Hyderabad 2957,Entertainment
BigBasket Kolkata 400,Groceries
Bharat Petroleum Delhi 1750,Fuel
Uber Mumbai 2613,Travel
Swiggy Hyderabad 4905,Food & Drinks
Fortis Pune 4670,Medical
KFC Delhi 1174,Food & Drinks
Netflix Bangalore 1767,Entertainment
Microsoft 365 Delhi 2195,Online Services
Apollo Pharmacy Mumbai 4875,Medical
Hotstar Mumbai 3423,Entertainment
Bharat Petroleum Chennai 2798,Fuel
CCD Mumbai 1167,Food & Drinks
Myntra Pune 354,Shopping
Tata Cliq Mumbai 4417,Shopping
Zomato Kolkata 1249,Food & Drinks
ID-Amazon Prime Delhi 2958,Entertainment
Apollo Pharmacy Kolkata 1786,Medical
BookMyShow Mumbai 1851,Entertainment
DMart Chennai 3434,Groceries
DMart Pune 3463,Groceries
C@rd Annu@l Fee B@ng@lore 1646,Banking Charges
Tata Cliq Bangalore 957,Shopping
Myntra Chennai 1020,Shopping
DMart Bangalore 4114,Groceries
RedBus Chennai 2781,Travel
PharmEasy Mumbai 3234,Medical
BookMyShow Delhi 4441,Entertainment
CCD Chennai 2519,Food & Drinks
Airtel Recharge Delhi 501,Bills & Recharge
RedBus Hyderabad 2104,Travel
Apollo Pharmacy Pune 1290,Medical
Jio Recharge Hyderabad 525,Bills & Recharge
Sh3ll P3trol Pump Mumbai 1523,Fuel
SpencersChennai330,Groceries
Apollo Pharmacy Kolkata 1338,Medical
Airtel Recharge Kolkata 521,Bills & Recharge
Max Hospital Mumbai 115,Medical
Water Bill Delhi 4891,Bills & Recharge
Indian Oil Pune 2891,Fuel
DMart Bangalore 343,Groceries
Late Payment Fee Bangalore 695,Banking Charges
Indian Oil Bangalore 1029,Fuel
1mg Bangalore 474,Medical
BigBasket Mumbai 4403,Groceries
Ola Hyderabad 797,Travel
R3dBus Hyd3rabad 4638,Travel
DMart Mumbai 106,Groceries
Reliance Fresh Hyderabad 3930,Groceries
Amazon Bangalore 2423,Shopping
RedBus Delhi 3667,Travel
ATM Withdrawal F33 D3lhi 298,Banking Charges
BigBasket Hyderabad 2333,Groceries
CanvaKolkata3036,Online Services
Shell Petrol Pump Hyderabad 479,Fuel
El3ctricity Bill Bangalor3 2142,Bills & Recharge
Spencers Pune 4897,Groceries
Ola Kolkata 3816,Travel
Google Cloud Bangalore 4775,Online Services
Electricity Bill Pune 2927,Bills & Recharge
Fortis Hyderabad 910,Medical
ID-Spencers Kolkata 2913,Groceries
Tata Cliq Chennai 786 txn,Shopping
Fortis Delhi 4941,Medical
Hotstar Delhi 4250,Entertainment
SwiggyMumbai3013,Food & Drinks
Microsoft 365 Hyderabad 2250,Online Services
Electricity Bill Mumbai 2817,Bills & Recharge
BigBasket Hyderabad 4141,Groceries
Hotst@r Pune 1169,Entertainment
HP Petrol Pump Delhi 914,Fuel
Google Cloud Pune 4848,Online Services
Card Annual Fee Mumbai 885,Banking Charges
Uber Mumbai 4977,Travel
Amazon Mumbai 4045,Shopping
Card Annual Fee Chennai 254,Banking Charges
SonyLiv Pune 2990,Entertainment
Late Payment Fee Kolkata 129,Banking Charges
Hotstar Mumbai 4028,Entertainment
ID-IndiGo Mumbai 3005,Travel
Zom@to Pune 2532,Food & Drinks
Swiggy Mumb@i 681,Food & Drinks
Max Hospital Pune 1604 txn,Medical
IndiGo Pune 1074 txn,Travel
Starbucks Chennai 2672,Food & Drinks
Amazon Hyderabad 1907,Shopping
Flipkart Hyderabad 4090,Shopping
Adobe Chennai 2694,Online Services
Water Bill Chennai 3911,Bills & Recharge
Bharat Petroleum Kolkata 734,Fuel
ID-Spencers Hyderabad 3618,Groceries
Airtel Recharge Mumbai 3375,Bills & Recharge
AmazonPrimeChennai2940,Entertainment
Late Payment Fee Kolkata 446,Banking Charges
KFC Hyderabad 2285,Food & Drinks
Late Payment Fee Kolkata 624,Banking Charges
Bh@r@t Petroleum Mumb@i 3703,Fuel
Bank Service Charge Hyderabad 4977,Banking Charges
Tata Cliq Delhi 4276,Shopping
KFC Hyderabad 2101,Food & Drinks
1mg Pune 893,Medical
HP Petrol Pump Chennai 3572,Fuel
Tata Cliq Hyderabad 865,Shopping
Jio Recharge Delhi 2761,Bills & Recharge
Flipkart Delhi 2084,Shopping
Myntra Chennai 493,Shopping
Ub3r Kolkata 2884,Travel
IRCTC Hyderabad 2014,Travel
Hotstar Kolkata 4906,Entertainment
Microsoft 365 Kolkata 3009,Online Services
Max Hospital Bangalore 2754,Medical
Zomato Bangalore 2403,Food & Drinks
Zoom Subscription Delhi 2150,Online Services
Burger King Mumbai 1964 txn,Food & Drinks
amazon prime pune 3247,Entertainment
SonyLiv Pune 1349,Entertainment
Tata Cliq Pune 2147,Shopping
Ajio Hyderabad 2451,Shopping
PharmEasy Delhi 4539,Medical
Amazon Prime Kolkata 1007,Entertainment
Netflix Hyderabad 1701,Entertainment
Indian Oil Mumbai 4368,Fuel
Bank Service Charge Delhi 3232,Banking Charges
amazon prime mumbai 3243,Entertainment
ID-Air India Pune 3537,Travel
Indian Oil Pune 2622,Fuel
Ola Chennai 3052 txn,Travel
Max Hospital Pune 205,Medical
IRCTC Mumbai 3865,Travel
Microsoft 365 Pune 3380,Online Services
BigBasket Delhi 253,Groceries
Starbucks Kolkata 450,Food & Drinks
Microsoft 365 Kolkata 2716,Online Services
BigBasket Chennai 4598,Groceries
SpencersMumbai567,Groceries
Microsoft 365 Kolkata 2005,Online Services
Water Bill Pune 858 txn,Bills & Recharge
Vodafone Bill Bangalore 3504,Bills & Recharge
Ola Hyderabad 406,Travel
Vodafone Bill Kolkata 3541,Bills & Recharge
Swiggy Delhi 568,Food & Drinks
Starbucks Delhi 1811,Food & Drinks
W@ter Bill Delhi 576,Bills & Recharge
SonyLiv Mumbai 1088,Entertainment
Burger King Mumbai 1405 txn,Food & Drinks
McDonalds Bangalore 2216,Food & Drinks
Nykaa Pune 2997,Shopping
Canva Pun3 3571,Online Services
IRCTC Bangalore 4162,Travel
Spencers Hyderabad 4044,Groceries
Starbucks Kolkata 2684,Food & Drinks
Hotstar Mumbai 3282,Entertainment
RedBus Kolkata 2056,Travel
CCD Hyderabad 2839,Food & Drinks
ID-1mg Chennai 2579,Medical
ATM Withdrawal Fee Mumbai 2530,Banking Charges
RedBus Bangalore 4832,Travel
Starbucks Chennai 4284,Food & Drinks
irctc chennai 4147,Travel
Bank Service Charge Mumbai 3910,Banking Charges
flipkart kolkata 4416,Shopping
BookMyShow Chennai 3527,Entertainment
BookMyShow Kolkata 1218,Entertainment
Myntra Pune 1043,Shopping
ATM Withdrawal Fee Mumbai 788,Banking Charges
Airtel Recharge Hyderabad 1408,Bills & Recharge
GoogleCloudPune1729,Online Services
Ajio Hyderabad 4959,Shopping
1mg Mumbai 1650,Medical
Electricity Bill Hyderabad 3169,Bills & Recharge
ID-Indian Oil Delhi 101,Fuel
Ola Mumbai 3311,Travel
ID-Zomato Delhi 3733,Food & Drinks
ID-Bank Service Charge Pune 2255,Banking Charges
Amazon Prime Kolkata 1991,Entertainment
1mg Mumbai 3034,Medical
Apollo Pharmacy Delhi 689 txn,Medical
Apollo Pharmacy Delhi 633,Medical
Fortis Bangalore 565,Medical
BurgerKingDelhi1205,Food & Drinks
Microsoft 365 Kolkata 1250,Online Services
Amazon Prime Mumbai 144,Entertainment
Vodafone Bill Pune 1249,Bills & Recharge
Microsoft 365 Bangalore 3298,Online Services
HP Petrol Pump Pune 3666,Fuel
R3dBus Bangalor3 2459,Travel
Reliance Fresh Chennai 1012,Groceries
Late Payment Fee Chennai 1295,Banking Charges
Sh3ll P3trol Pump Hyd3rabad 4525,Fuel
Google Cloud Delhi 2561,Online Services
Late Payment Fee Pune 4180,Banking Charges
ATM Withdrawal Fee Chennai 3638,Banking Charges
HP Petrol Pump Hyderabad 1802,Fuel
1mg Delhi 815,Medical
L@te P@yment Fee Pune 301,Banking Charges
Bharat Petroleum Hyderabad 4303,Fuel
Shell Petrol Pump Pune 3553,Fuel
Canva Mumbai 1715,Online Services
Zoom Subscription Hyderabad 754,Online Services
ID-PharmEasy Pune 3552,Medical
Bharat Petroleum Mumbai 4942 txn,Fuel
BigBasket Kolkata 2549,Groceries
Bharat Petroleum Pune 2498 txn,Fuel
Fortis Hyderabad 1345,Medical
Tata Cliq Chennai 3971,Shopping
Spencers Hyderabad 3328,Groceries
Ajio Mumbai 1337,Shopping
Google Cloud Chennai 4729,Online Services
McDonalds Hyderabad 1906,Food & Drinks
El3ctricity Bill Hyd3rabad 688,Bills & Recharge
canva kolkata 1391,Online Services
Burger King Hyderabad 1507,Food & Drinks
Flipkart Pun3 4357,Shopping
Vodafone Bill Hyderabad 4524,Bills & Recharge
Indian Oil Mumbai 1810,Fuel
Jio Recharge Hyderabad 4612,Bills & Recharge
Swiggy Mumbai 4932,Food & Drinks
Tata Cliq Chennai 1656,Shopping
Uber Delhi 4133,Travel
Jio R3charg3 Ch3nnai 4098,Bills & Recharge
HP Petrol Pump Delhi 2937,Fuel
Water Bill Kolkata 4525,Bills & Recharge
RedBus Mumb@i 184,Travel
starbucks hyderabad 4165,Food & Drinks
Jio R3charg3 D3lhi 2451,Bills & Recharge
Indian Oil Hyderabad 1833,Fuel
DMart Chennai 4737,Groceries
Spencers Kolkata 2922,Groceries
Nature's Basket Kolkata 1190,Groceries
Amazon Prime Bangalore 1647,Entertainment
Adobe Mumbai 1643,Online Services
Fortis Hyderabad 2159 txn,Medical
Flipkart Pune 2007,Shopping
Ajio Delhi 624,Shopping
IRCTC Pun3 721,Travel
Adobe Chennai 4875,Online Services
Uber Chenn@i 718,Travel
HP Petrol Pump Pune 3967,Fuel
Amazon Prime Bangalore 3778,Entertainment
Water Bill Bangalore 3953,Bills & Recharge
Spencers Kolkata 855,Groceries
Amazon Pune 3038,Shopping
PharmEasy Chennai 1272,Medical
apollo pharmacy pune 2968,Medical
PharmEasy Kolkata 3434,Medical
Nature'sBasketBangalore1266,Groceries
Amazon Prime Chennai 3151,Entertainment
Nature's Basket Chennai 2531,Groceries
Nature's Basket Bangalore 552,Groceries
bigbasket pune 4068,Groceries
Electricity Bill Chennai 3078 txn,Bills & Recharge
Uber Kolkata 4103,Travel
CCD Kolkata 986,Food & Drinks
Ajio Kolkata 2561,Shopping
IRCTC Delhi 3761,Travel
Adobe Chennai 4711,Online Services
Swiggy Pune 1486,Food & Drinks
Jio Recharge Bangalore 1025,Bills & Recharge
PharmEasyKolkata2779,Medical
Adobe Pune 3581 txn,Online Services
hp petrol pump kolkata 1066,Fuel
BookMyShow Chennai 3642 txn,Entertainment
Vodafon3 Bill Bangalor3 1792,Bills & Recharge
Indian Oil Kolkata 1854,Fuel
Reliance Fresh Bangalore 2252 txn,Groceries
Hotstar Delhi 3117,Entertainment
ID-ATM Withdrawal Fee Mumbai 4685,Banking Charges
Ajio Delhi 1988,Shopping
Adobe Chennai 4359,Online Services
Zomato Kolkata 1760,Food & Drinks
DMart Pune 3919,Groceries
Tata Cliq Delhi 687,Shopping
Vodafone Bill Chennai 3111,Bills & Recharge
Shell Petrol Pump Bangalore 1752,Fuel
Netflix Bangalore 4302,Entertainment
Microsoft 365 Hyderabad 1265,Online Services
Max Hospital Mumbai 638 txn,Medical
Tata Cliq Bangalore 4948,Shopping
Google Cloud Pune 123,Online Services
BookMyShow Kolkata 4806,Entertainment
Bank Service Charge Hyderabad 1425,Banking Charges
Zoom Subscription Chennai 2935 txn,Online Services
ATM Withdrawal Fee Mumbai 3697,Banking Charges
BigBasket Kolkata 2649,Groceries
Apollo Pharmacy Delhi 848,Medical
Airtel Recharge Pune 2238,Bills & Recharge
B@nk Service Ch@rge Hyder@b@d 4600,Banking Charges
BigBasket Bangalore 1089,Groceries
Zoom Subscription Kolkata 3600,Online Services
Ola Delhi 4772,Travel
HP Petrol Pump Chennai 4294,Fuel
Amazon Delhi 3746,Shopping
Tata Cliq Mumbai 2816,Shopping
ATM Withdrawal Fee Delhi 3747,Banking Charges
Bharat Petroleum Delhi 4524,Fuel
LatePaymentFeeKolkata922,Banking Charges
Flipk@rt Mumb@i 2024,Shopping
BigBasket Pune 3180,Groceries
PharmEasy Bangalore 4697,Medical
Reliance Fresh Kolkata 4665,Groceries
atm withdrawal fee pune 2715,Banking Charges
Microsoft 365 Hyderabad 773,Online Services
ATM Withdrawal Fee Kolkata 1304,Banking Charges
Bank Service Charge Kolkata 308,Banking Charges
Reliance Fresh Delhi 4159,Groceries
Indian Oil Hyderabad 1761,Fuel
Airtel Recharge Kolkata 4655,Bills & Recharge
Lat3 Paym3nt F33 D3lhi 413,Banking Charges
Ajio Mumbai 532,Shopping
Fortis Chenn@i 1789,Medical
hp petrol pump hyderabad 1336,Fuel
Late Payment Fee Kolkata 4796,Banking Charges
Myntra Chennai 2341,Shopping
1mg Kolkata 2036,Medical
Shell Petrol Pump Kolk@t@ 4754,Fuel
IRCTC Bangalore 4798,Travel
IndiGo Chennai 3947,Travel
Canva Kolkata 3066,Online Services
Electricity Bill Mumbai 2595,Bills & Recharge
max hospital kolkata 641,Medical
Myntra Delhi 1019,Shopping
Canva Chennai 3354,Online Services
Spencers Hyderabad 4257,Groceries
Spencers Kolkata 1476,Groceries
Air India Mumbai 937,Travel
Nature's Basket Pune 3969,Groceries
ID-Late Payment Fee Delhi 232,Banking Charges
Shell Petrol Pump Delhi 3321,Fuel
Air India Mumbai 4563,Travel
Ajio Mumbai 2651,Shopping
bank service charge kolkata 2829,Banking Charges
HotstarKolkata4129,Entertainment
Reliance Fresh Chennai 3578,Groceries
PharmEasy Pune 4064,Medical
Jio Recharge Chennai 357,Bills & Recharge
ID-Air India Kolkata 702,Travel
Airtel Recharge Kolkata 314,Bills & Recharge
Amazon Hyderabad 172,Shopping
Burger King Bangalore 407,Food & Drinks
Shell Petrol Pump Hyderabad 2496,Fuel
SonyLiv Bangalore 3230,Entertainment
Myntr@ Delhi 4848,Shopping
1mg Bangalore 3307,Medical
Ol@ Mumb@i 3233,Travel
PharmEasy Hyderabad 3137 txn,Medical
JioRechargeMumbai3670,Bills & Recharge
BigBasket Delhi 3942,Groceries
Netflix Hyderabad 1548,Entertainment
redbus kolkata 3532,Travel
Microsoft 365 Mumbai 1249,Online Services
SonyLivPune1853,Entertainment
Amazon Chennai 1462,Shopping
Spencers Chennai 4564,Groceries
M@keMyTrip B@ng@lore 3123,Travel
Max Hospital Pune 4153,Medical
Flipkart Delhi 3205,Shopping
Zoom Subscription Kolkata 4932,Online Services
Airt3l R3charg3 D3lhi 421,Bills & Recharge
MakeMyTrip Chennai 1645,Travel
Electricity Bill Hyderabad 66,Bills & Recharge
BigBasket Kolkata 1453,Groceries
Amazon Bangalore 1734,Shopping
Spencers Hyderabad 171,Groceries
SonyLiv Pune 3804 txn,Entertainment
L@te P@yment Fee Pune 254,Banking Charges
WaterBillBangalore4155,Bills & Recharge
ajio mumbai 4397,Shopping
Netflix Bangalore 3669 txn,Entertainment
Tata Cliq Pune 1102,Shopping
Hotstar Bangalore 3580,Entertainment
HP Petrol Pump Chennai 1370 txn,Fuel
Microsoft 365 Bangalore 2545,Online Services
BigBasket Bangalore 4472,Groceries
Bharat Petroleum Kolkata 2801,Fuel
pharmeasy chennai 3489,Medical
Flipkart Hyderabad 2948,Shopping
ID-Reliance Fresh Delhi 2703,Groceries
DMart Pune 1444,Groceries
PharmEasy Bangalore 1899,Medical
Hotstar Hyderabad 2679,Entertainment
ajio mumbai 3813,Shopping
BookMyShow Delhi 2842,Entertainment
Adobe Hyderabad 3106,Online Services
DMart Hyderabad 4385,Groceries
ATM Withdrawal Fee Bangalore 2532,Banking Charges
Hotstar Delhi 4995,Entertainment
BigBasket Chennai 3326,Groceries
Shell Petrol Pump Pune 2074,Fuel
ZomatoChennai2547,Food & Drinks
Bank Service Charge Chennai 4814,Banking Charges
Burger King Kolkata 3652,Food & Drinks
1mgKolkata770,Medical
Late Payment Fee Delhi 701,Banking Charges
McDonalds Delhi 661,Food & Drinks
ID-Amazon Bangalore 203,Shopping
DM@rt Pune 4250,Groceries
Fortis Chennai 4434,Medical
Microsoft 365 Kolkata 1242,Online Services
Starbucks Pune 3197,Food & Drinks
Reliance Fresh Mumbai 4565,Groceries
shell petrol pump chennai 1381,Fuel
max hospital delhi 4927,Medical
Card Annual F33 Pun3 4005,Banking Charges
Airtel Recharge Bangalore 2670,Bills & Recharge
ATM Withdr@w@l Fee Chenn@i 566,Banking Charges
IRCTC Chennai 3540,Travel
nature's basket chennai 1601,Groceries
KFC Bangalore 1221,Food & Drinks
Apollo Pharmacy Hyderabad 2183,Medical
SonyLiv Chennai 4192,Entertainment
McDonalds Pun3 2653,Food & Drinks
Max Hospital Pune 1871,Medical
Max Hospital Mumbai 3035,Medical
Fortis Kolkata 1495,Medical
RedBus Delhi 119 txn,Travel
Water Bill Hyderabad 1709,Bills & Recharge
RedBus Chennai 692,Travel
L@te P@yment Fee Kolk@t@ 3391,Banking Charges
McDonalds Mumbai 3265,Food & Drinks
Max Hospital Kolkata 4120 txn,Medical
SonyLiv Chennai 1867,Entertainment
Indian Oil Pune 2431,Fuel
Jio Recharge Hyderabad 4542,Bills & Recharge
Late Payment Fee Chennai 3505,Banking Charges
PharmEasy Pune 4866,Medical
amazon prime bangalore 1071,Entertainment
Zoom Subscription Chennai 4765,Online Services
bank service charge chennai 499,Banking Charges
BookMyShow Pune 2399,Entertainment
Microsoft 365 Chennai 814,Online Services
Electricity Bill Pune 1490,Bills & Recharge
Shell Petrol Pump Kolkata 4372,Fuel
FortisBangalore2562,Medical
Nature's Basket Pune 500,Groceries
Zomato Pune 1374,Food & Drinks
Water Bill Hyderabad 4935,Bills & Recharge
BookMyShow Hyderabad 403,Entertainment
DMart Hyderabad 2318,Groceries
Ola Kolkata 2035,Travel
Shell Petrol Pump Bangalore 2746,Fuel
Apollo Pharmacy Mumbai 3482,Medical
Electricity Bill Kolkata 760,Bills & Recharge
DMart Pun3 2148,Groceries
ATM Withdrawal Fee Hyderabad 442,Banking Charges
Nature's Basket Pune 2809,Groceries
Air Indi@ Mumb@i 658,Travel
Apollo Pharmacy Bangalore 2648,Medical
MakeMyTrip Hyderabad 3028,Travel
Google Cloud Chennai 359,Online Services
Bharat Petroleum Delhi 4628,Fuel
Airtel Recharge Delhi 4810,Bills & Recharge
Amazon Kolkata 3933 txn,Shopping
SonyLiv Pune 1092,Entertainment
Microsoft 365 Hyderabad 3033,Online Services
Zomato Pune 3901,Food & Drinks
ID-KFC Bangalore 218,Food & Drinks
IRCTC Hyderabad 2683,Travel
Myntra Kolkata 697,Shopping
ATM Withdrawal Fee Pune 4084,Banking Charges
Jio Recharge Mumbai 2544 txn,Bills & Recharge
HP Petrol Pump Mumbai 1325,Fuel
Bank Service Charge Pune 3488,Banking Charges
microsoft 365 pune 3751,Online Services
RedBus Hyderabad 1917,Travel
ID-Ajio Chennai 1630,Shopping
Adobe Bangalore 3191,Online Services
Nykaa Mumbai 3165,Shopping
Netflix Hyderabad 581,Entertainment
Adobe Hyderabad 2802,Online Services
Googl3 Cloud D3lhi 2342,Online Services
BigB@sket Kolk@t@ 2947,Groceries
Amazon Prim3 Kolkata 2442,Entertainment
L@te P@yment Fee B@ng@lore 3721,Banking Charges
Swiggy Kolkata 1084,Food & Drinks
ATM Withdrawal Fee Bangalore 620,Banking Charges
Zoom Subscription Mumbai 3976,Online Services
BigBasket Chennai 2415,Groceries
Nature's Basket Delhi 1812,Groceries
PharmEasy Delhi 1250,Medical
Card Annual Fee Bangalore 3290,Banking Charges
Airtel Recharge Pune 2496,Bills & Recharge
Canva Delhi 4125,Online Services
BookMyShow Mumbai 2906,Entertainment
ID-Bharat Petroleum Kolkata 1913,Fuel
Adobe Hyderabad 3069 txn,Online Services
Airtel Recharge Hyderabad 2522,Bills & Recharge
Water Bill Mumbai 118,Bills & Recharge
MakeMyTrip Chennai 4880,Travel
Adobe Chennai 307,Online Services
Shell Petrol Pump Hyderabad 3374,Fuel
KFC Mumbai 889,Food & Drinks
Amazon Kolkata 2464,Shopping
Zomato Pune 4406,Food & Drinks
Fortis Mumbai 978,Medical
RedBus Delhi 1499,Travel
Hotstar Hyderabad 1957,Entertainment
Apollo Pharmacy Mumbai 1153,Medical
Netflix Kolkata 910,Entertainment
BookMyShow Pune 3600,Entertainment
Reliance Fresh Chennai 1995,Groceries
DMart Bangalore 2553 txn,Groceries
Burger King Kolkata 2166,Food & Drinks
Swiggy Delhi 1723,Food & Drinks
Spencers Pune 4557,Groceries
Canva Mumbai 4623,Online Services
Spencers Mumbai 4204,Groceries
Reliance Fresh Mumbai 3319,Groceries
Shell Petrol Pump Kolkata 2850,Fuel
Amazon Bangalore 4144,Shopping
Tata Cliq Bangalore 704,Shopping
Uber Delhi 1846,Travel
Tata Cliq Pune 4874,Shopping
jio recharge mumbai 119,Bills & Recharge
Reliance Fresh Bangalore 3746,Groceries
Bank Service Charge Mumbai 2790,Banking Charges
Uber Chennai 3830,Travel
PharmEasy Pune 3194,Medical
Nature's Basket Mumbai 644,Groceries
Google Cloud Hyderabad 621,Online Services
Amazon Hyderabad 764,Shopping
DMart Delhi 2852,Groceries
Water Bill Hyderabad 4811,Bills & Recharge
BookMyShow Bangalore 3158,Entertainment
SonyLiv Chennai 1687,Entertainment
Air India Hyderabad 808,Travel
1mg Kolk@t@ 1498,Medical
Spencers Kolkata 1852,Groceries
RedBus Mumbai 3664 txn,Travel
fortis pune 993,Medical
Spencers Kolkata 1490,Groceries
BookMyShow Mumbai 4195,Entertainment
Am@zon Prime Pune 2866,Entertainment
Adobe Kolkata 65,Online Services
Card Annual Fee Pune 4416,Banking Charges
Shell Petrol Pump Chennai 3798,Fuel
Bank Service Charge Chennai 2634,Banking Charges
McDon@lds Hyder@b@d 2992,Food & Drinks
Fortis Bangalore 4393,Medical
Air India Delhi 1381,Travel
Amazon Prime Chennai 3290,Entertainment
Water Bill Mumbai 4638,Bills & Recharge
AmazonPrimeBangalore2516,Entertainment
Google Cloud Hyderabad 1049,Online Services
Lat3 Paym3nt F33 Kolkata 4725,Banking Charges
adobe mumbai 4859,Online Services
Bank S3rvic3 Charg3 Ch3nnai 3127,Banking Charges
IRCTCChennai2787,Travel
Canva Hyderabad 1555,Online Services
HP Petrol Pump Pune 560,Fuel
Jio Recharge Chennai 2061,Bills & Recharge
Canva Chennai 3967,Online Services
SonyLiv Pune 4501,Entertainment
Fortis Kolkata 921,Medical
Jio Recharge Kolkata 1447,Bills & Recharge
Bank Service Charge Bangalore 3383 txn,Banking Charges
Jio Recharge Hyderabad 2956,Bills & Recharge
Nature's Basket Pune 62,Groceries
Shell Petrol Pump Delhi 1250 txn,Fuel
Hotstar Ch3nnai 3987,Entertainment
Lat3 Paym3nt F33 Mumbai 4216,Banking Charges
Myntra Mumbai 1220,Shopping
Reliance Fresh Pune 4609,Groceries
Vodafone Bill Delhi 163,Bills & Recharge
Airtel Recharge Mumbai 95 txn,Bills & Recharge
Jio Recharge Delhi 443,Bills & Recharge
1mg Pune 2341,Medical
ID-Bank Service Charge Delhi 4674,Banking Charges
M@keMyTrip Hyder@b@d 1177,Travel
Myntra Kolkata 3487,Shopping
Flipkart Chennai 2610,Shopping
Netflix Delhi 324 txn,Entertainment
Nature's Basket Pune 4397,Groceries
Canva Pune 3366,Online Services
Late Payment Fee Pune 663,Banking Charges
Jio Recharge Pune 4564,Bills & Recharge
Apollo Ph@rm@cy Pune 3354,Medical
Apollo Pharmacy Pune 1783 txn,Medical
MakeMyTripChennai3029,Travel
Water Bill Chennai 2828,Bills & Recharge
SonyLiv Chenn@i 2352,Entertainment
BigBasket Mumbai 3062,Groceries
PharmEasy Chennai 330,Medical
Amazon Chennai 2706,Shopping
Starbucks Hyderabad 1798,Food & Drinks
Bharat Petroleum Bangalore 406,Fuel
IndiGo Delhi 941,Travel
Shell Petrol Pump Delhi 4115,Fuel
McDonalds Mumbai 4634,Food & Drinks
bharat petroleum hyderabad 1266,Fuel
ATM Withdrawal Fee Delhi 417,Banking Charges
HP Petrol Pump Kolkata 3926,Fuel
Uber Bangalore 2741,Travel
Bharat Petroleum Kolkata 2098,Fuel
Reliance Fresh Delhi 3269,Groceries
M@keMyTrip Pune 1420,Travel
Zomato Kolkata 4417,Food & Drinks
Hotstar Delhi 3242,Entertainment
Microsoft 365 Hyderabad 772 txn,Online Services
Electricity Bill Kolkata 4130 txn,Bills & Recharge
Water Bill Pune 3716,Bills & Recharge
Netflix Mumbai 3252,Entertainment
McDonalds Bangalore 4252,Food & Drinks
Vodafone Bill Hyderabad 299 txn,Bills & Recharge
ID-Zoom Subscription Hyderabad 4772,Online Services
Apollo Ph@rm@cy Kolk@t@ 2314,Medical
hotstar mumbai 814,Entertainment
Swiggy Mumbai 4733,Food & Drinks
Jio Recharge Pune 304,Bills & Recharge
RelianceFreshHyderabad4761,Groceries
SonyLiv Bangalore 1429,Entertainment
Ajio Bangalore 1453,Shopping
redbus mumbai 1956,Travel
IRCTC Bangalore 4292,Travel
ID-Fortis Bangalore 2421,Medical
Google Cloud Mumbai 98,Online Services
Nature's Basket Mumbai 488,Groceries
Swiggy Kolkata 4607,Food & Drinks
Nature's Basket Mumbai 4215,Groceries
Google Cloud Hyderabad 3774,Online Services
IndiGo Delhi 3337,Travel
HP Petrol Pump Kolkata 930 txn,Fuel
MakeMyTripMumbai1473,Travel
ID-Vodafone Bill Bangalore 3515,Bills & Recharge
Zoom Subscription Delhi 2954,Online Services
ATM Withdrawal Fee Delhi 2639 txn,Banking Charges
Bharat Petroleum Kolkata 4990,Fuel
Water Bill Delhi 490,Bills & Recharge
MakeMyTripDelhi2551,Travel
PharmEasy Pune 1646,Medical
Card Annual Fee Hyderabad 2705 txn,Banking Charges
Zoom Subscription Chennai 1021,Online Services
Water Bill Hyderabad 3970,Bills & Recharge
Netflix Chennai 198,Entertainment
Adobe Delhi 630,Online Services
Fortis Bangalore 1983,Medical
ID-Apollo Pharmacy Hyderabad 3223,Medical
KFCPune2252,Food & Drinks
Ajio Delhi 617,Shopping
N@ture's B@sket Hyder@b@d 4863,Groceries
ATM Withdr@w@l Fee Hyder@b@d 2248,Banking Charges
PharmEasy Pune 1902,Medical
Hotstar Pune 1577,Entertainment
Indian Oil Mumbai 646,Fuel
Netflix Kolkata 4825,Entertainment
Electricity Bill Chennai 4477,Bills & Recharge
Vodafone Bill Hyderabad 2311,Bills & Recharge
HP Petrol Pump Chennai 1980,Fuel
Adobe Kolkata 4760,Online Services
IRCTC Mumbai 2776,Travel
Ola Mumbai 2813,Travel
Amazon Prim3 Pun3 1045,Entertainment
Indian Oil Mumbai 1656,Fuel
Reliance Fresh Hyderabad 2352,Groceries
IndiGo Bangalore 273,Travel
ID-Zomato Kolkata 2597,Food & Drinks
DM@rt Delhi 296,Groceries
Nykaa Delhi 3840,Shopping
Myntra Kolkata 4122,Shopping
Googl3 Cloud Hyd3rabad 3989,Online Services
SonyLiv Mumbai 2945,Entertainment
Airtel Recharge Mumbai 2803,Bills & Recharge
McDonalds Hyderabad 3818,Food & Drinks
Bank Service Charge Chennai 901,Banking Charges
card annual fee chennai 4285,Banking Charges
McDonalds Chennai 1205,Food & Drinks
Flipkart Kolkata 1240,Shopping
Bank Service Charge Pune 162,Banking Charges
Swiggy Chennai 4362,Food & Drinks
Bank Service Charge Delhi 3402,Banking Charges
ElectricityBillHyderabad2920,Bills & Recharge
ID-ATM Withdrawal Fee Bangalore 3527,Banking Charges
Reliance Fresh Chennai 3881,Groceries
Apollo Pharmacy Pune 3020 txn,Medical
Starbucks Delhi 619,Food & Drinks
T@t@ Cliq Pune 1967,Shopping
Jio Recharge Kolkata 4283,Bills & Recharge
Flipkart Mumbai 510,Shopping
Bank Service Charge Mumbai 4771,Banking Charges
Zoom Subscription Delhi 1471,Online Services
microsoft 365 delhi 3863,Online Services
Canva Mumbai 4785,Online Services
Burger King Delhi 1226,Food & Drinks
Apollo Pharmacy Kolkata 3643,Medical
Sh3ll P3trol Pump Mumbai 1117,Fuel
Ola Chennai 1704,Travel
ATMWithdrawalFeeMumbai1522,Banking Charges
MakeMyTrip Chennai 50,Travel
Microsoft 365 Kolkata 296,Online Services
RedBus Delhi 3799 txn,Travel
ID-Indian Oil Hyderabad 706,Fuel
Zoom Subscription Bangalore 3862,Online Services
IndiGo Mumbai 2010,Travel
Microsoft 365 Chennai 2578,Online Services
Bank Service Charge Delhi 4785,Banking Charges
Fortis Pune 1266,Medical
ATM Withdrawal Fee Kolkata 4839,Banking Charges
CCD Delhi 2316,Food & Drinks
DMart Bangalore 386,Groceries
Starbucks Pune 4312,Food & Drinks
Bank Service Charge Delhi 1415,Banking Charges
IndianOilPune2218,Fuel
Reliance Fresh Hyderabad 1484,Groceries
BigBasket Mumbai 3631,Groceries
IndiGo Pune 1185,Travel
Tata Cliq Delhi 902,Shopping
Uber Chennai 1598,Travel
Max Hospital Chennai 3685,Medical
Amazon Prim3 Pun3 829,Entertainment
Water Bill Hyderabad 1883,Bills & Recharge
Nature's Basket Pune 1570,Groceries
CCD Bangalore 4140,Food & Drinks
Max Hospital Bangalore 3050,Medical
DMart Chennai 4689,Groceries
Max Hospital Hyderabad 1508,Medical
IndiGo Pune 3479,Travel
M@x Hospit@l Kolk@t@ 3396,Medical
Spencers Bangalore 184,Groceries
PharmEasy Delhi 291,Medical
ID-DMart Chennai 4162,Groceries
Bharat Petroleum Kolkata 682,Fuel
electricity bill kolkata 370,Bills & Recharge
Nature's Basket Chennai 1638,Groceries
Sh3ll P3trol Pump Bangalor3 1505,Fuel
1mg Hyderabad 3901,Medical
Nature's Basket Pune 232,Groceries
ID-IRCTC Mumbai 2954,Travel
Indian Oil Hyderabad 2969,Fuel
Vodafone Bill Chennai 4884,Bills & Recharge
DMart Pun3 3766,Groceries
Burger King Mumb@i 4988,Food & Drinks
HP Petrol Pump Delhi 4303,Fuel
Microsoft 365 Mumbai 1388,Online Services
Amazon Chennai 554,Shopping
Vodafone Bill Kolkata 1842,Bills & Recharge
Ub3r D3lhi 2487,Travel
Bharat Petroleum Pune 4644,Fuel
HP Petrol Pump Bangalore 615,Fuel
Shell Petrol Pump Chenn@i 1151,Fuel
Tata Cliq Delhi 4250,Shopping
Nyk@@ Hyder@b@d 3528,Shopping
Amazon Delhi 1172,Shopping
Shell Petrol Pump Kolkata 4549,Fuel
Zoom Subscription Kolk@t@ 4963,Online Services
Late Payment Fee Chennai 3247,Banking Charges
Zoom Subscription Chennai 802,Online Services
Zomato Delhi 146,Food & Drinks
Netflix Bangalore 2476,Entertainment
PharmEasy Hyd3rabad 1711,Medical
Amazon Prime Pune 172,Entertainment
Mak3MyTrip Pun3 945,Travel
IndiGo Kolkata 2952,Travel
DMart Chennai 3521,Groceries
Zoom Subscription Mumbai 3785,Online Services
Airtel Recharge Mumbai 3954,Bills & Recharge
Ola Hyderabad 3078,Travel
RedBus Pune 2588,Travel
Jio Recharge Kolkata 3714,Bills & Recharge
Bharat Petroleum Delhi 1789,Fuel
Canva Delhi 2738,Online Services
Nykaa Chennai 2299,Shopping
Shell Petrol Pump Mumbai 1920,Fuel
BookMyShow Mumbai 3836,Entertainment
CardAnnualFeePune4243,Banking Charges
Shell Petrol Pump Hyderabad 3975,Fuel
Flipkart Chennai 3255,Shopping
Netflix Mumbai 4453,Entertainment
Swiggy Hyderabad 2008,Food & Drinks
Netflix Delhi 2070,Entertainment
RedBus Pune 2578,Travel
Amazon Prime Delhi 1977,Entertainment
indigo bangalore 851,Travel
PharmEasy Kolkata 2783,Medical
Amazon Delhi 361,Shopping
R3dBus Kolkata 160,Travel
ATM Withdrawal Fee Mumbai 1317,Banking Charges
RedBus Mumbai 2334,Travel
McDonalds Kolkata 1767,Food & Drinks
Apollo Pharmacy Mumbai 2842,Medical
KFC Chennai 4500,Food & Drinks
Apollo Pharmacy Mumbai 4305,Medical
Max Hospital Kolkata 3600,Medical
Bank Service Charge Pune 3007,Banking Charges
Zoom Subscription Chennai 4536,Online Services
Shell Petrol Pump Kolkata 3734,Fuel
ID-Nykaa Bangalore 3599,Shopping
electricity bill hyderabad 468,Bills & Recharge
Zoom Subscription Chennai 3658,Online Services
Fortis Kolkata 1001,Medical
Microsoft 365 Mumbai 496,Online Services
Netflix Kolkata 2361,Entertainment
Max Hospital Bangalore 4320,Medical
Hotstar Mumbai 486,Entertainment
DMart Pune 1241 txn,Groceries
Burger King Hyderabad 2615,Food & Drinks
BigBasket Hyderabad 4598,Groceries
BigBasket Mumbai 2765,Groceries
ID-HP Petrol Pump Chennai 958,Fuel
BookMyShow Pune 4189,Entertainment
Nyk@@ Mumb@i 889,Shopping
BookMyShow Bangalore 4302,Entertainment
Air India Bangalore 108,Travel
electricity bill pune 3140,Bills & Recharge
BigBasket Bangalore 4263,Groceries
IRCTC Delhi 1079,Travel
Zoom Subscription Kolkata 968,Online Services
ApolloPharmacyDelhi1252,Medical
1mg Hyderabad 4082,Medical
Zomato Chennai 3974,Food & Drinks
CCD Kolkata 4869,Food & Drinks
IRCTC Mumbai 440,Travel
CCD Pune 374,Food & Drinks
Canva Kolkata 3577,Online Services
BookMyShow Bangalore 1386,Entertainment
Hotstar Mumbai 2501,Entertainment
Vodafone Bill Hyderabad 1243,Bills & Recharge
Shell Petrol Pump Delhi 1620,Fuel
Late Payment Fee Delhi 1961,Banking Charges
Nature's Basket Pune 2515,Groceries
Vodafone Bill Chennai 2026 txn,Bills & Recharge
B@nk Service Ch@rge Pune 761,Banking Charges
IndiGo Delhi 2548,Travel
DM@rt Hyder@b@d 4295,Groceries
Zoom Subscription Delhi 1277,Online Services
Bharat Petroleum Bangalore 3751,Fuel
water bill chennai 4609,Bills & Recharge
Tata Cliq Hyderabad 1129 txn,Shopping
Late Payment Fee Hyderabad 1994,Banking Charges
Electricity Bill Delhi 4889 txn,Bills & Recharge
Nature's Basket Kolkata 1708,Groceries
SonyLiv Delhi 4667,Entertainment
Nykaa Mumbai 1411,Shopping
HP Petrol Pump Hyderabad 2034,Fuel
Ajio Kolkata 2794,Shopping
1mg Chennai 4343,Medical
hotstar hyderabad 2493,Entertainment
Air India Hyderabad 2169,Travel
Hotstar Hyderabad 110,Entertainment
Apollo Pharmacy Pune 3772,Medical
Nature's Basket Bangalore 885,Groceries
ID-1mg Kolkata 413,Medical
CanvaMumbai3249,Online Services
PharmEasy Chennai 3518,Medical
Late Payment Fee Chennai 805,Banking Charges
Ajio Pune 716,Shopping
Adobe Hyderabad 3104,Online Services
IndiGo Bangalore 4461,Travel
IndianOilChennai3185,Fuel
KFC Kolkata 453,Food & Drinks
Bank Service Charge Delhi 2038 txn,Banking Charges
1mg Delhi 3172,Medical
McDon@lds Delhi 860,Food & Drinks
jio recharge delhi 2933,Bills & Recharge
Amazon Prime Pune 2320,Entertainment
1mg Delhi 3857,Medical
Airtel Recharge Delhi 3819,Bills & Recharge
ATM Withdrawal Fee Hyderabad 1135,Banking Charges
ID-Zoom Subscription Pune 2461,Online Services
Bank Service Charge Hyderabad 4300,Banking Charges
Shell Petrol Pump Hyderabad 972,Fuel
ATM Withdrawal Fee Hyderabad 3228,Banking Charges
Late Payment Fee Mumbai 773,Banking Charges
MaxHospitalMumbai3113,Medical
Spencers Kolkata 4352,Groceries
ATM Withdrawal Fee Chennai 2122,Banking Charges
Bharat Petroleum Kolkata 2785,Fuel
ID-Vodafone Bill Chennai 2315,Bills & Recharge
Shell Petrol Pump Kolkata 2116,Fuel
Indian Oil Mumbai 980,Fuel
Nykaa Delhi 2030,Shopping
Amazon Prime Hyderabad 1437,Entertainment
bank service charge delhi 4156,Banking Charges
Netflix Pune 2424 txn,Entertainment
Late Payment Fee Bangalore 3484,Banking Charges
HP Petrol Pump Chenn@i 2331,Fuel
Bank Service Charge Pune 750,Banking Charges
Water Bill Pune 1979,Bills & Recharge
ATM Withdrawal Fee Bangalore 3011,Banking Charges
Vodafone Bill Kolkata 3665,Bills & Recharge
Canva Bangalore 3753,Online Services
Reliance Fresh Chennai 318,Groceries
Air India Hyderabad 3879,Travel
Air India Kolkata 3271 txn,Travel
Zoom Subscription Pune 4962,Online Services
Amazon Prime Bangalore 3125,Entertainment
Indian Oil Hyderabad 2075,Fuel
Vodafone Bill Pune 4791,Bills & Recharge
Airtel Recharge Mumbai 395,Bills & Recharge
Jio Recharge Chennai 4540,Bills & Recharge
Apollo Pharmacy Kolkata 1609,Medical
zoom subscription kolkata 4118,Online Services
Airtel Recharge Kolkata 4199,Bills & Recharge
adobe mumbai 708,Online Services
airtel recharge kolkata 72,Bills & Recharge
NetflixDelhi2832,Entertainment
PharmEasy Kolkata 2333,Medical
RedBus Mumbai 4470,Travel
Amazon Prime Chennai 3917,Entertainment
Google Cloud Delhi 1975,Online Services
Hotstar Mumbai 4985,Entertainment
HP Petrol Pump Bangalore 4493,Fuel
Reliance Fresh Kolkata 2999,Groceries
BookMyShow Pune 714,Entertainment
Bharat Petroleum Delhi 2021,Fuel
Swiggy Chennai 4175,Food & Drinks
Air India Chennai 223,Travel
Netflix Kolkata 3905,Entertainment
DMart Kolkata 4163,Groceries
Zoom Subscription Hyderabad 2406,Online Services
ajio delhi 842,Shopping
Bank Service Charge Delhi 2579,Banking Charges
Canva Chennai 479,Online Services
ID-Apollo Pharmacy Mumbai 508,Medical
IRCTCDelhi1460,Travel
Card Annual Fee Delhi 813 txn,Banking Charges
SonyLiv Delhi 3093,Entertainment
Electricity Bill Chennai 548 txn,Bills & Recharge
CCD Ch3nnai 2989,Food & Drinks
1mg Pune 680,Medical
Google Cloud Hyderabad 298,Online Services
ID-Microsoft 365 Bangalore 1998,Online Services
DM@rt B@ng@lore 2692,Groceries
Indian Oil Bangalore 1910,Fuel
zoom subscription kolkata 975,Online Services
Spencers Chennai 2085,Groceries
DMart Pune 3521,Groceries
Netflix Bangalore 2641 txn,Entertainment
bookmyshow pune 3885,Entertainment
1mg Mumbai 3872,Medical
Airtel Recharge Mumbai 3266,Bills & Recharge
IRCTC Hyderabad 2516,Travel
MakeMyTrip Kolkata 2867,Travel
Jio Recharge Kolkata 127,Bills & Recharge
Google Cloud Mumbai 4358,Online Services
Water Bill Hyderabad 792,Bills & Recharge
hp petrol pump kolkata 4989,Fuel
Amazon Prime Hyderabad 4601,Entertainment
BigBasket Kolkata 3777 txn,Groceries
Air India Pune 3791,Travel
PharmEasy Pune 1756,Medical
MakeMyTrip Delhi 4300,Travel
Adobe Chennai 2516,Online Services
Card Annual Fee Kolkata 768,Banking Charges
SonyLiv Kolk@t@ 2137,Entertainment
Nykaa Delhi 812,Shopping
Tata Cliq Mumbai 2635,Shopping
Nature'sBasketKolkata2559,Groceries
Hotstar Mumbai 2738,Entertainment
Ajio Chennai 2981,Shopping
Spencers Hyderabad 815,Groceries
adobe hyderabad 1608,Online Services
DM@rt Chenn@i 573,Groceries
ATM Withdrawal Fee Delhi 888 txn,Banking Charges
Bank Service Charge Delhi 4090,Banking Charges
Googl3 Cloud Mumbai 1038,Online Services
1mg Hyderabad 3938,Medical
Water Bill Kolkata 2613,Bills & Recharge
Bank Service Charge Pune 4267,Banking Charges
Water Bill Mumbai 1068,Bills & Recharge
HP Petrol Pump Chennai 2119,Fuel
Adobe Chenn@i 1262,Online Services
Uber Delhi 1588,Travel
Indian Oil Chennai 2494,Fuel
Jio Rech@rge Mumb@i 3559,Bills & Recharge
Amazon Prime Chennai 4588,Entertainment
Water Bill Kolkata 3367,Bills & Recharge
IRCTC Kolkata 4348 txn,Travel
HP Petrol Pump Kolkata 638,Fuel
Swiggy Delhi 4205,Food & Drinks
Zoom Subscription Pune 2542,Online Services
Air India Chennai 3578,Travel
Ola Kolkata 225,Travel
Uber Chennai 538,Travel
IRCTC Pune 3720,Travel
Canva Pune 2886,Online Services
Burger King Pune 1053,Food & Drinks
Nature's Basket Hyderabad 1435,Groceries
Microsoft 365 Bangalore 2712,Online Services
Netflix Chennai 2113 txn,Entertainment
BigBasket Delhi 4877,Groceries
1mg Mumbai 1251,Medical
Canva Hyderabad 4797,Online Services
Amazon D3lhi 3820,Shopping
IndiGo Pune 1014,Travel
DMart Mumbai 596,Groceries
Amazon Prime Hyderabad 1343,Entertainment
Spencers Hyderabad 1440,Groceries
Swiggy Hyderabad 3418,Food & Drinks
McDon@lds Hyder@b@d 707,Food & Drinks
mcdonalds kolkata 3813,Food & Drinks
Nykaa Delhi 4148,Shopping
Zoom Subscription Chennai 2756,Online Services
Shell Petrol Pump Hyderabad 3363,Fuel
IndiGo Chennai 2968 txn,Travel
Myntra Bangalore 618,Shopping
Adobe Delhi 4339,Online Services
Tata Cliq Delhi 1081,Shopping
PharmEasy Bangalore 711,Medical
Uber Chennai 1156,Travel
Canva Bangalore 3497,Online Services
Indian Oil Mumbai 150,Fuel
sonyliv mumbai 721,Entertainment
Apollo Ph@rm@cy Kolk@t@ 4832,Medical
Google Cloud Mumbai 1843,Online Services
Amazon Prime Mumbai 2810,Entertainment
Zoom Subscription Delhi 1906 txn,Online Services
Amazon Pun3 3168,Shopping
Card Annual Fee Mumbai 402 txn,Banking Charges
Indi@n Oil Mumb@i 1982,Fuel
SonyLiv Hyderabad 2525,Entertainment
Nykaa Chennai 4774,Shopping
Shell Petrol Pump Pune 3119,Fuel
BigBasket Hyderabad 2869,Groceries
CCD Bangalore 1040,Food & Drinks
TataCliqBangalore4600,Shopping
Bank Service Charge Hyderabad 4242,Banking Charges
Ajio Chennai 1527,Shopping
ID-Amazon Prime Delhi 2526,Entertainment
N3tflix Ch3nnai 2375,Entertainment
HP Petrol Pump Pune 3257,Fuel
Mak3MyTrip Pun3 811,Travel
